{"weight":0.01403343677520752,"featureIndex":49,"threshold":1.4953985214233399,"left":{"weight":0.0210416316986084,"featureIndex":87,"threshold":0.431959867477417,"left":{"weight":0.035398662090301517,"featureIndex":315,"partition":[false,true],"left":{"weight":0.03152918815612793,"featureIndex":122,"threshold":1.3080079555511475,"left":{"weight":0.03273254632949829,"featureIndex":274,"threshold":-1.782942295074463,"left":{"aggregate":[25.0,0.0]},"right":{"weight":0.025056660175323488,"featureIndex":226,"threshold":2.107846975326538,"left":{"weight":0.11223459243774414,"featureIndex":319,"partition":[false,false,true,false,false,true,false,true,true,true,true,false,false,true,false,false,false,false,false,false,true,true,false,false,true,true,false,false,true,false,false,false,false,false,false,false,true,false,false,false,true,true,false,false,false,false,false,false,false,true,true],"left":{"weight":0.04734140634536743,"featureIndex":329,"partition":[false,true,false,false,true,true,true,false,true,true,true,false,false,false,false,false,true,false,true,false],"left":{"weight":0.09677089750766754,"featureIndex":160,"threshold":-0.9475255012512207,"left":{"aggregate":[9.0,4.0]},"right":{"weight":0.050992585718631747,"featureIndex":244,"threshold":-1.605003833770752,"left":{"aggregate":[5.0,1.0]},"right":{"aggregate":[67.0,0.0]}}},"right":{"weight":0.16170001029968263,"featureIndex":0,"partition":[true,true,true,true,true,true,false,true,false,false,true,false,false,true,false,false,false,false,false],"left":{"aggregate":[4.0,17.0]},"right":{"weight":0.05271559953689575,"featureIndex":334,"threshold":0.4978039264678955,"left":{"weight":0.08955752849578858,"featureIndex":34,"threshold":0.9482417106628418,"left":{"weight":0.14951497316360475,"featureIndex":110,"threshold":-0.12591814994812013,"left":{"aggregate":[34.0,3.0]},"right":{"aggregate":[20.0,18.0]}},"right":{"aggregate":[21.0,0.0]}},"right":{"aggregate":[38.0,1.0]}}}},"right":{"weight":0.05559152364730835,"featureIndex":250,"threshold":-0.22990012168884278,"left":{"weight":0.07678896188735962,"featureIndex":262,"threshold":0.36496806144714358,"left":{"aggregate":[18.0,26.0]},"right":{"aggregate":[5.0,35.0]}},"right":{"weight":0.10799533128738404,"featureIndex":228,"threshold":0.6505744457244873,"left":{"weight":0.25606298446655276,"featureIndex":327,"partition":[false,false,false,true,false,false,true,false,true,false,false,true,false,true,false,false,false,false,true,true,false,false,false,false,false,false,false,false,false,false,false,false,false,true,false,false,false,false,true,false,true,true,true,false,false,false,true,false,false,false,false,true,false,false,false,false,false,false,true,false],"left":{"aggregate":[22.0,1.0]},"right":{"weight":0.1411113739013672,"featureIndex":338,"partition":[false,false,true,false,false,false,true,true,true,false,true,false,true,false,false,false],"left":{"aggregate":[10.0,47.0]},"right":{"aggregate":[13.0,7.0]}}},"right":{"aggregate":[28.0,4.0]}}}},"right":{"aggregate":[0.0,8.0]}}},"right":{"aggregate":[20.0,42.0]}},"right":{"weight":0.057069361209869388,"featureIndex":203,"threshold":-0.16174840927124024,"left":{"weight":0.19718563556671143,"featureIndex":332,"threshold":0.6601569652557373,"left":{"weight":0.3323249816894531,"featureIndex":327,"partition":[false,false,true,false,false,false,false,true,false,false,false,false,false,false,false,false,false,false,false,false,false,false,false,false,false,false,false,false,false,false,false,false,false,false,false,false,false,false,true,false,false,false,false,false,false,false,false,true,false,false,false,true,false,true,false,false,false,false,false,false],"left":{"aggregate":[50.0,12.0]},"right":{"aggregate":[0.0,13.0]}},"right":{"aggregate":[3.0,25.0]}},"right":{"weight":0.11680835485458374,"featureIndex":333,"threshold":-0.49791812896728518,"left":{"aggregate":[1.0,38.0]},"right":{"weight":0.10770338773727417,"featureIndex":184,"threshold":-0.7473547458648682,"left":{"aggregate":[9.0,2.0]},"right":{"weight":0.24434739351272584,"featureIndex":52,"threshold":-0.8094751834869385,"left":{"aggregate":[0.0,27.0]},"right":{"aggregate":[19.0,23.0]}}}}}},"right":{"weight":0.030193567276000978,"featureIndex":234,"threshold":1.3558683395385743,"left":{"weight":0.06025516986846924,"featureIndex":323,"partition":[true,true,true,false,true,true,false,true,true,false,false,false,true,false,true,true,true,true,true,false,true,false,false,false,false,true,false,true],"left":{"aggregate":[30.0,7.0]},"right":{"weight":0.06553781032562256,"featureIndex":304,"partition":[true,false,false,false,false,false,false,false,false,true,true,true,true,false,false,false,false,false,true,false,false,false,true,false,true,false,false,false,false,false,false,true,false,false],"left":{"weight":0.03484153747558594,"featureIndex":242,"threshold":0.7776081562042236,"left":{"weight":0.04387396574020386,"featureIndex":161,"threshold":0.1250629425048828,"left":{"weight":0.06549650430679321,"featureIndex":130,"threshold":-0.7822797298431397,"left":{"aggregate":[13.0,18.0]},"right":{"weight":0.06155821681022644,"featureIndex":217,"threshold":-0.19167876243591309,"left":{"weight":0.11712473630905152,"featureIndex":252,"threshold":-0.7723362445831299,"left":{"aggregate":[0.0,23.0]},"right":{"aggregate":[13.0,35.0]}},"right":{"aggregate":[1.0,58.0]}}},"right":{"aggregate":[25.0,36.0]}},"right":{"aggregate":[25.0,25.0]}},"right":{"aggregate":[35.0,16.0]}}},"right":{"aggregate":[4.0,37.0]}}},"right":{"weight":0.12254840135574341,"featureIndex":178,"threshold":1.4191157817840577,"left":{"weight":0.11050575971603394,"featureIndex":75,"threshold":-1.804819107055664,"left":{"aggregate":[0.0,3.0]},"right":{"weight":0.13224148750305177,"featureIndex":156,"threshold":1.2880268096923829,"left":{"aggregate":[57.0,7.0]},"right":{"aggregate":[0.0,3.0]}}},"right":{"aggregate":[0.0,4.0]}}}