{"weight":0.02523660659790039,"featureIndex":328,"partition":[false,false,true,true,true,false,true,true,true,false,true,true,true,true,false,true,false,true,true,false,true,true,true,true,true,false,true,true,true,true,false,false,false,true,true,false,true,true,true,false,true,true,false,false,false,true,false,false,true,false,true,false,true,true,true,false,false,true,true],"left":{"weight":0.03191560506820679,"featureIndex":124,"threshold":-1.705989122390747,"left":{"aggregate":[0.0,19.0]},"right":{"weight":0.07707029581069946,"featureIndex":323,"partition":[true,true,true,false,true,true,true,true,true,true,false,false,false,false,false,true,true,false,true,false,true,false,false,false,false,false,false,true],"left":{"aggregate":[45.0,13.0]},"right":{"weight":0.04557359218597412,"featureIndex":163,"threshold":0.3508443832397461,"left":{"weight":0.07996517419815064,"featureIndex":336,"threshold":0.7391042709350586,"left":{"weight":0.08002489805221558,"featureIndex":50,"threshold":0.1604609489440918,"left":{"weight":0.12201553583145142,"featureIndex":148,"threshold":-0.787449836730957,"left":{"aggregate":[3.0,30.0]},"right":{"weight":0.2573567032814026,"featureIndex":249,"threshold":-0.7650384902954102,"left":{"aggregate":[3.0,23.0]},"right":{"aggregate":[31.0,13.0]}}},"right":{"weight":0.47846004366874697,"featureIndex":304,"partition":[false,true,false,true,false,false,true,false,false,false,false,false,false,false,false,false,false,false,false,false,false,false,false,false,false,false,false,false,false,true,false,false,false,false],"left":{"aggregate":[46.0,6.0]},"right":{"aggregate":[0.0,14.0]}}},"right":{"aggregate":[6.0,43.0]}},"right":{"weight":0.06787717342376709,"featureIndex":141,"threshold":-1.4776191711425782,"left":{"aggregate":[5.0,2.0]},"right":{"weight":0.056534647941589358,"featureIndex":130,"threshold":-0.6505775451660156,"left":{"aggregate":[0.0,26.0]},"right":{"weight":0.07279831171035767,"featureIndex":72,"threshold":0.33545899391174319,"left":{"aggregate":[14.0,40.0]},"right":{"aggregate":[1.0,30.0]}}}}}}},"right":{"weight":0.015183508396148682,"featureIndex":46,"threshold":1.965179681777954,"left":{"weight":0.022135436534881593,"featureIndex":318,"threshold":0.9332295656204224,"left":{"weight":0.04556161165237427,"featureIndex":336,"threshold":0.25211191177368166,"left":{"weight":0.05328798294067383,"featureIndex":9,"threshold":-1.9983927011489869,"left":{"aggregate":[0.0,8.0]},"right":{"weight":0.05050140619277954,"featureIndex":267,"threshold":-1.5190606117248536,"left":{"aggregate":[1.0,9.0]},"right":{"weight":0.04829585552215576,"featureIndex":120,"threshold":-2.718534469604492,"left":{"aggregate":[0.0,6.0]},"right":{"weight":0.03830695152282715,"featureIndex":28,"threshold":-1.0304765701293946,"left":{"aggregate":[40.0,1.0]},"right":{"weight":0.06581646203994751,"featureIndex":321,"threshold":0.32245826721191409,"left":{"weight":0.19033792614936829,"featureIndex":319,"partition":[false,false,false,false,false,false,false,false,true,false,false,false,false,false,false,true,false,false,false,false,true,false,false,false,false,false,true,false,true,false,false,false,false,false,true,false,false,true,false,false,false,false,false,false,false,false,false,true,false,false,false],"left":{"weight":0.0579911470413208,"featureIndex":23,"threshold":1.6658985614776612,"left":{"weight":0.04601122438907623,"featureIndex":76,"threshold":1.1198904514312745,"left":{"aggregate":[89.0,0.0]},"right":{"aggregate":[18.0,2.0]}},"right":{"aggregate":[2.0,2.0]}},"right":{"aggregate":[22.0,20.0]}},"right":{"weight":0.17144471406936646,"featureIndex":216,"threshold":0.1599559783935547,"left":{"aggregate":[30.0,9.0]},"right":{"aggregate":[9.0,22.0]}}}}}}},"right":{"weight":0.054829537868499759,"featureIndex":202,"threshold":1.1137948036193848,"left":{"weight":0.08026069402694702,"featureIndex":29,"threshold":-1.3506665229797364,"left":{"aggregate":[17.0,2.0]},"right":{"weight":0.10169035196304321,"featureIndex":323,"partition":[false,false,false,true,false,false,false,false,false,false,false,false,false,false,false,false,false,false,false,true,false,true,false,true,false,false,false,false],"left":{"weight":0.10577118396759033,"featureIndex":279,"threshold":-1.3556480407714844,"left":{"aggregate":[0.0,25.0]},"right":{"weight":0.13826793432235719,"featureIndex":197,"threshold":1.2394907474517823,"left":{"weight":0.19883716106414796,"featureIndex":326,"partition":[false,false,false,false,false,false,false,false,false,false,false,true,false,false,false,false,false,false,false,true,false,false,false,false,true,true,false,false,false,false,false,false,false,false,false,false,false,false,false,false,false,false,false,false,false,true,false,false,true,true,false,false,false,false,true,true,false,false,false,true,false,false,false,false,false,false,false,false,false,false,true,false,false,false,false,false,false,false],"left":{"weight":0.07387351989746094,"featureIndex":323,"partition":[false,true,true,true,true,true,true,true,false,false,false,false,false,false,false,true,false,false,true,false,false,false,false,false,false,true,false,false],"left":{"aggregate":[0.0,19.0]},"right":{"weight":0.1094469428062439,"featureIndex":99,"threshold":0.9761943817138672,"left":{"aggregate":[15.0,34.0]},"right":{"aggregate":[0.0,16.0]}}},"right":{"aggregate":[23.0,8.0]}},"right":{"aggregate":[12.0,0.0]}}},"right":{"aggregate":[11.0,0.0]}}},"right":{"aggregate":[23.0,5.0]}}},"right":{"weight":0.07186543941497803,"featureIndex":106,"threshold":1.1807208061218262,"left":{"weight":0.05581498146057129,"featureIndex":151,"threshold":1.208967685699463,"left":{"weight":0.21072423458099366,"featureIndex":326,"partition":[false,true,false,false,false,false,false,true,false,false,true,true,true,true,true,false,false,false,false,true,false,false,false,false,false,false,false,false,false,true,false,false,false,true,false,true,false,true,true,false,true,false,true,true,false,false,true,true,true,false,false,false,false,false,false,true,false,false,false,true,false,false,false,false,false,false,false,false,false,true,true,false,false,false,true,false,false,false],"left":{"weight":0.1918312907218933,"featureIndex":300,"partition":[true,false,true,false,false,true,false,true,false,true,false,false,false,false,false,false,true,false,false,false,true,false,false,false,false,false,false,false,false,false,false,true,false,false,false,false,false,false,false,false,false,false,false,true,false,false,true,false,false,true,false,false,false,false,false,true,false,false,true,false,false,true,false,false,false,false],"left":{"weight":0.12897253036499024,"featureIndex":322,"partition":[true,true,false,true,true,true,false,true,false,false,true,false,false,true,false,true,true,false,true,false,true,false,false,false,false,false,false],"left":{"aggregate":[7.0,24.0]},"right":{"aggregate":[0.0,44.0]}},"right":{"aggregate":[27.0,21.0]}},"right":{"weight":0.09736114740371704,"featureIndex":323,"partition":[false,true,false,false,true,true,false,true,false,true,false,false,true,false,false,true,false,true,false,false,false,true,true,true,false,false,false,false],"left":{"aggregate":[30.0,0.0]},"right":{"weight":0.21064358949661256,"featureIndex":327,"partition":[false,true,false,true,false,true,false,false,false,false,false,false,false,true,true,false,false,false,false,false,false,true,true,false,false,false,false,false,false,false,false,false,false,false,false,true,false,false,false,false,false,false,false,true,false,true,true,false,true,false,true,false,false,false,true,false,false,true,false,false],"left":{"aggregate":[32.0,23.0]},"right":{"aggregate":[31.0,0.0]}}}},"right":{"aggregate":[2.0,22.0]}},"right":{"aggregate":[1.0,29.0]}}},"right":{"aggregate":[28.0,3.0]}}}