{"weight":0.009193658828735352,"featureIndex":276,"threshold":0.9087598323822022,"left":{"weight":0.019088268280029298,"featureIndex":66,"threshold":-1.1910905838012696,"left":{"weight":0.11313194036483765,"featureIndex":332,"threshold":-0.3061178922653198,"left":{"aggregate":[23.0,24.0]},"right":{"weight":0.26483798027038576,"featureIndex":216,"threshold":1.3552672863006592,"left":{"weight":0.08258862793445587,"featureIndex":88,"threshold":0.2718353271484375,"left":{"aggregate":[0.0,46.0]},"right":{"aggregate":[4.0,23.0]}},"right":{"aggregate":[6.0,0.0]}}},"right":{"weight":0.011307895183563233,"featureIndex":189,"threshold":-0.4159574508666992,"left":{"weight":0.05014657974243164,"featureIndex":135,"threshold":0.1607980728149414,"left":{"weight":0.10599756240844727,"featureIndex":233,"threshold":1.0287022590637208,"left":{"weight":0.18480563163757325,"featureIndex":329,"partition":[false,true,false,true,true,true,false,false,false,true,false,false,true,false,true,true,false,true,false,false],"left":{"weight":0.18486356735229493,"featureIndex":327,"partition":[true,false,false,false,false,false,true,false,false,false,true,true,true,false,false,false,true,false,true,false,true,false,false,false,false,false,true,false,false,false,false,false,true,false,true,false,false,false,false,true,false,false,true,false,true,false,false,false,true,false,false,false,false,false,false,false,false,false,false,false,false],"left":{"aggregate":[22.0,21.0]},"right":{"aggregate":[3.0,39.0]}},"right":{"weight":0.11557799577713013,"featureIndex":288,"threshold":-0.6604735851287842,"left":{"aggregate":[19.0,0.0]},"right":{"aggregate":[34.0,14.0]}}},"right":{"aggregate":[0.0,19.0]}},"right":{"weight":0.10857278108596802,"featureIndex":99,"threshold":-0.2532668113708496,"left":{"weight":0.12501180171966554,"featureIndex":209,"threshold":0.63641357421875,"left":{"weight":0.10322964191436768,"featureIndex":322,"partition":[true,false,false,true,true,false,false,true,true,false,false,false,false,false,false,true,false,true,true,true,false,false,false,true,false,true,false],"left":{"aggregate":[12.0,3.0]},"right":{"aggregate":[50.0,0.0]}},"right":{"aggregate":[1.0,3.0]}},"right":{"weight":0.15868747234344483,"featureIndex":131,"threshold":0.2600820064544678,"left":{"aggregate":[44.0,13.0]},"right":{"aggregate":[13.0,29.0]}}}},"right":{"weight":0.028556644916534425,"featureIndex":33,"threshold":-1.6793973445892335,"left":{"aggregate":[6.0,38.0]},"right":{"weight":0.13049042224884034,"featureIndex":300,"partition":[false,false,false,false,true,true,false,false,false,false,false,false,false,true,false,false,false,false,false,true,false,false,false,false,true,false,true,true,false,false,false,false,true,false,false,false,false,true,true,false,true,false,false,false,false,false,false,false,true,false,false,true,false,false,false,true,false,false,true,false,false,true,true,false,false,true,true,false],"left":{"weight":0.13254892826080323,"featureIndex":328,"partition":[false,false,false,false,false,true,false,false,false,true,false,false,true,false,false,true,false,true,true,true,false,true,false,false,false,false,true,false,false,true,false,false,false,false,false,true,true,true,false,false,true,false,false,true,true,true,true,true,false,true,true,false,false,true,false,false,false,true,false],"left":{"weight":0.05054271221160889,"featureIndex":65,"threshold":-0.7100214958190918,"left":{"aggregate":[33.0,0.0]},"right":{"weight":0.20527058839797975,"featureIndex":259,"threshold":-0.9453592300415039,"left":{"aggregate":[8.0,9.0]},"right":{"aggregate":[62.0,2.0]}}},"right":{"weight":0.1271025538444519,"featureIndex":104,"threshold":-1.0504145622253419,"left":{"aggregate":[31.0,4.0]},"right":{"weight":0.08856737613677979,"featureIndex":52,"threshold":-0.884962797164917,"left":{"aggregate":[2.0,21.0]},"right":{"weight":0.12257635593414307,"featureIndex":328,"partition":[false,false,false,false,false,false,false,false,false,true,false,false,false,false,false,false,false,false,false,true,false,false,false,false,false,false,false,false,false,false,false,false,false,false,false,true,true,true,false,false,false,false,false,true,true,false,false,true,false,false,false,false,false,false,false,false,false,true,false],"left":{"aggregate":[37.0,19.0]},"right":{"aggregate":[10.0,30.0]}}}}},"right":{"weight":0.05526524782180786,"featureIndex":187,"threshold":-0.021922826766967775,"left":{"weight":0.12518534064292909,"featureIndex":338,"partition":[true,true,false,false,true,false,false,false,true,false,false,false,false,false,false,false],"left":{"weight":0.06306856870651245,"featureIndex":227,"threshold":2.2833290100097658,"left":{"weight":0.0035259127616882326,"featureIndex":182,"threshold":-1.4879792928695679,"left":{"aggregate":[0.0,7.0]},"right":{"weight":0.06845694780349732,"featureIndex":129,"threshold":0.6264748573303223,"left":{"aggregate":[0.0,57.0]},"right":{"aggregate":[2.0,12.0]}}},"right":{"aggregate":[1.0,0.0]}},"right":{"aggregate":[12.0,21.0]}},"right":{"weight":0.0895761251449585,"featureIndex":300,"partition":[false,false,false,false,true,false,true,true,true,true,true,true,true,true,false,true,true,true,true,true,true,true,true,true,true,true,true,true,true,true,false,false,true,false,false,false,false,false,true,false,true,false,false,false,false,false,false,false,true,false,false,true,false,false,false,true,false,false,false,false,false,false,true,false,false,true,true,false],"left":{"aggregate":[8.0,0.0]},"right":{"weight":0.09015631675720215,"featureIndex":128,"threshold":0.5748448371887207,"left":{"weight":0.49499669671058657,"featureIndex":326,"partition":[true,false,true,true,false,true,true,false,true,false,true,true,false,false,false,false,false,false,true,false,false,false,false,false,false,false,true,true,true,false,false,false,false,false,false,false,false,false,true,false,false,false,false,false,false,false,false,false,true,false,true,true,false,false,false,false,false,false,false,false,true,false,false,true,false,true,false,false,false,false,false,true,false,false,false,true,false,false,false],"left":{"aggregate":[18.0,7.0]},"right":{"aggregate":[0.0,59.0]}},"right":{"aggregate":[24.0,18.0]}}}}}}}},"right":{"weight":0.08390963077545166,"featureIndex":318,"threshold":0.8790735006332398,"left":{"weight":0.07295489311218262,"featureIndex":154,"threshold":1.8530182838439942,"left":{"weight":0.09576284885406494,"featureIndex":117,"threshold":0.6065223217010498,"left":{"weight":0.2067752480506897,"featureIndex":298,"partition":[false,true,false,false,false,true,true,true,false,true,false,true,true,true,false,true,false,true,true,false,true,false,false,true,false,false,false,false,false,true,true,true,false,false,true,true,true,false,true,false,true,false,false,true,false,true,false,false,true],"left":{"aggregate":[14.0,8.0]},"right":{"aggregate":[61.0,0.0]}},"right":{"aggregate":[29.0,20.0]}},"right":{"aggregate":[2.0,8.0]}},"right":{"weight":0.12627625465393067,"featureIndex":0,"partition":[false,true,true,false,false,true,false,false,true,false,false,false,true,false,false,false,false,false,false,false],"left":{"aggregate":[27.0,20.0]},"right":{"aggregate":[6.0,29.0]}}}}