{"weight":0.016794681549072267,"featureIndex":25,"threshold":0.33046460151672366,"left":{"weight":0.015898048877716066,"featureIndex":3,"threshold":0.49574899673461916,"left":{"weight":0.06441265344619751,"featureIndex":136,"threshold":1.112056016921997,"left":{"weight":0.024089932441711427,"featureIndex":112,"threshold":1.6008570194244385,"left":{"weight":0.017713487148284913,"featureIndex":219,"threshold":-1.883418083190918,"left":{"aggregate":[0.0,15.0]},"right":{"weight":0.027262449264526368,"featureIndex":245,"threshold":0.3966038227081299,"left":{"weight":0.057742178440093997,"featureIndex":178,"threshold":0.304929256439209,"left":{"weight":0.05257213115692139,"featureIndex":245,"threshold":-1.9210031032562256,"left":{"aggregate":[0.0,9.0]},"right":{"weight":0.051920533180236819,"featureIndex":179,"threshold":1.5102434158325196,"left":{"weight":0.161754310131073,"featureIndex":328,"partition":[false,true,true,false,false,false,false,false,true,false,true,false,false,false,true,true,true,false,false,false,true,false,true,false,true,false,false,false,true,false,false,false,false,true,false,false,false,false,false,false,false,true,false,false,false,true,false,false,false,false,false,false,false,false,false,true,false,false,false],"left":{"weight":0.25325995683670046,"featureIndex":298,"partition":[true,false,true,false,false,false,false,false,true,true,true,true,false,false,false,false,true,false,false,false,false,false,false,false,false,false,false,true,false,false,false,false,true,true,true,false,true,true,false,true,false,true,false,false,false,true,false,false,false],"left":{"aggregate":[36.0,21.0]},"right":{"aggregate":[5.0,52.0]}},"right":{"aggregate":[45.0,8.0]}},"right":{"aggregate":[10.0,0.0]}}},"right":{"weight":0.05894953012466431,"featureIndex":149,"threshold":1.2343401908874512,"left":{"weight":0.08244556188583374,"featureIndex":67,"threshold":0.18913960456848145,"left":{"weight":0.11782264709472656,"featureIndex":148,"threshold":-1.7140727043151856,"left":{"aggregate":[2.0,0.0]},"right":{"weight":0.0927891880273819,"featureIndex":184,"threshold":-0.08876347541809082,"left":{"aggregate":[3.0,14.0]},"right":{"aggregate":[0.0,51.0]}}},"right":{"aggregate":[21.0,42.0]}},"right":{"aggregate":[10.0,6.0]}}},"right":{"weight":0.12148851156234741,"featureIndex":329,"partition":[true,false,false,true,false,true,false,true,false,true,false,false,false,false,false,false,false,true,false,false],"left":{"weight":0.2114834189414978,"featureIndex":8,"threshold":-0.4778897762298584,"left":{"aggregate":[11.0,19.0]},"right":{"aggregate":[0.0,78.0]}},"right":{"aggregate":[17.0,16.0]}}}},"right":{"aggregate":[18.0,6.0]}},"right":{"weight":0.14211326837539674,"featureIndex":176,"threshold":1.0711593627929688,"left":{"aggregate":[37.0,18.0]},"right":{"aggregate":[25.0,0.0]}}},"right":{"weight":0.0486527681350708,"featureIndex":283,"threshold":0.0345911979675293,"left":{"weight":0.23688936233520509,"featureIndex":326,"partition":[true,false,false,false,false,false,false,false,false,false,false,true,true,false,false,false,false,false,true,true,false,false,false,false,false,false,false,false,true,false,false,false,true,false,false,false,false,false,false,true,false,true,true,false,true,false,false,false,false,false,true,true,false,false,false,false,false,false,true,true,false,false,false,false,false,false,true,false,false,true,true,false,false,false,false,false,false,false],"left":{"weight":0.3360563814640045,"featureIndex":327,"partition":[true,false,true,false,false,false,true,false,true,false,false,true,false,false,false,false,true,false,true,false,false,false,false,false,true,false,false,true,false,false,false,false,false,true,false,false,false,false,false,false,false,true,false,true,false,false,false,false,true,true,false,false,false,true,false,false,false,false,false,true],"left":{"aggregate":[23.0,21.0]},"right":{"aggregate":[0.0,51.0]}},"right":{"aggregate":[42.0,9.0]}},"right":{"weight":0.09669888019561768,"featureIndex":14,"threshold":1.5786943435668946,"left":{"weight":0.19041085243225099,"featureIndex":304,"partition":[false,false,false,true,true,false,true,false,false,false,false,false,false,false,false,false,false,false,false,true,false,true,true,true,true,false,false,false,false,true,false,false,false,false],"left":{"weight":0.21502754092216493,"featureIndex":298,"partition":[false,false,false,false,false,false,false,false,false,false,false,false,false,false,false,false,true,false,true,true,true,true,true,false,false,false,false,false,true,false,false,false,true,false,false,true,false,false,false,false,false,false,false,false,false,false,false,false,false],"left":{"aggregate":[59.0,0.0]},"right":{"aggregate":[6.0,5.0]}},"right":{"aggregate":[20.0,22.0]}},"right":{"aggregate":[2.0,10.0]}}}},"right":{"weight":0.03729802370071411,"featureIndex":333,"threshold":1.2076857089996338,"left":{"weight":0.06298381090164185,"featureIndex":335,"threshold":-0.4636584520339966,"left":{"weight":0.1015271544456482,"featureIndex":182,"threshold":-1.2245962619781495,"left":{"aggregate":[3.0,12.0]},"right":{"weight":0.07926297187805176,"featureIndex":338,"partition":[false,false,true,true,false,true,true,false,true,false,true,false,false,false,true,false],"left":{"aggregate":[56.0,4.0]},"right":{"weight":0.13157916069030763,"featureIndex":52,"threshold":-0.3062248229980469,"left":{"aggregate":[8.0,14.0]},"right":{"aggregate":[42.0,10.0]}}}},"right":{"weight":0.20524513721466065,"featureIndex":319,"partition":[false,true,false,true,false,false,true,false,true,true,true,false,false,true,true,false,false,false,false,false,true,false,true,false,true,true,true,false,false,false,false,false,true,false,false,false,true,false,true,false,false,false,false,false,false,false,false,false,false,true,false],"left":{"weight":0.2420271635055542,"featureIndex":0,"partition":[false,false,true,true,false,false,false,false,false,true,false,false,false,false,false,false,false,false,false],"left":{"aggregate":[50.0,6.0]},"right":{"aggregate":[8.0,17.0]}},"right":{"weight":0.4208499491214752,"featureIndex":326,"partition":[false,true,true,false,false,true,true,false,true,false,true,false,false,true,false,false,false,true,false,false,false,false,false,true,false,false,false,false,false,true,false,false,false,false,true,false,true,false,true,false,false,false,false,true,true,false,true,true,false,true,false,true,false,false,false,false,false,false,false,false,true,false,false,true,false,false,true,false,false,false,false,false,false,false,false,false,false,true],"left":{"aggregate":[15.0,2.0]},"right":{"weight":0.14202781021595,"featureIndex":256,"threshold":-1.854173183441162,"left":{"aggregate":[2.0,0.0]},"right":{"weight":0.00334736704826355,"featureIndex":202,"threshold":-1.2124536037445069,"left":{"aggregate":[0.0,11.0]},"right":{"aggregate":[1.0,60.0]}}}}}},"right":{"aggregate":[47.0,7.0]}}}